{
	"video/1d-interleaved-parityfec": 0.0,
	"application/3gpdash-qoe-report+xml": 0.0,
	"application/3gpp-ims+xml": 0.0,
	"application/A2L": 0.0,
	"application/activemessage": 0.0,
	"application/activity+json": 0.0,
	"application/alto-costmap+json": 0.0,
	"application/alto-costmapfilter+json": 0.0,
	"application/alto-directory+json": 0.0,
	"application/alto-endpointprop+json": 0.0,
	"application/alto-endpointpropparams+json": 0.0,
	"application/alto-endpointcost+json": 0.0,
	"application/alto-endpointcostparams+json": 0.0,
	"application/alto-error+json": 0.0,
	"application/alto-networkmapfilter+json": 0.0,
	"application/alto-networkmap+json": 0.0,
	"application/alto-updatestreamcontrol+json": 0.0,
	"application/alto-updatestreamparams+json": 0.0,
	"application/AML": 0.0,
	"application/andrew-inset": 0.0,
	"application/applefile": 0.0,
	"application/ATF": 0.0,
	"application/ATFX": 0.0,
	"application/atom+xml": 0.0,
	"application/atomcat+xml": 0.0,
	"application/atomdeleted+xml": 0.0,
	"application/atomicmail": 0.0,
	"application/atomsvc+xml": 0.0,
	"application/atsc-dwd+xml": 0.0,
	"application/atsc-dynamic-event-message": 0.0,
	"application/atsc-held+xml": 0.0,
	"application/atsc-rdt+json": 0.0,
	"application/atsc-rsat+xml": 0.0,
	"application/ATXML": 0.0,
	"application/auth-policy+xml": 0.0,
	"application/bacnet-xdd+zip": 0.0,
	"application/batch-SMTP": 0.0,
	"application/beep+xml": 0.0,
	"application/calendar+json": 0.0,
	"application/calendar+xml": 0.0,
	"application/call-completion": 0.0,
	"application/CALS-1840": 0.0,
	"application/captive+json": 0.0,
	"application/cbor": 0.0,
	"application/cbor-seq": 0.0,
	"application/cccex": 0.0,
	"application/ccmp+xml": 0.0,
	"application/ccxml+xml": 0.0,
	"application/CDFX+XML": 0.0,
	"application/cdmi-capability": 0.0,
	"application/cdmi-container": 0.0,
	"application/cdmi-domain": 0.0,
	"application/cdmi-object": 0.0,
	"application/cdmi-queue": 0.0,
	"application/cdni": 0.0,
	"application/CEA": 0.0,
	"application/cea-2018+xml": 0.0,
	"application/cellml+xml": 0.0,
	"application/cfw": 0.0,
	"application/clr": 0.0,
	"application/clue_info+xml": 0.0,
	"application/clue+xml": 0.0,
	"application/cms": 0.0,
	"application/cnrp+xml": 0.0,
	"application/coap-group+json": 0.0,
	"application/coap-payload": 0.0,
	"application/commonground": 0.0,
	"application/conference-info+xml": 0.0,
	"application/cpl+xml": 0.0,
	"application/cose": 0.0,
	"application/cose-key": 0.0,
	"application/cose-key-set": 0.0,
	"application/csrattrs": 0.0,
	"application/csta+xml": 0.0,
	"application/CSTAdata+xml": 0.0,
	"application/csvm+json": 0.0,
	"application/cwt": 0.0,
	"application/cybercash": 0.0,
	"application/dash+xml": 0.0,
	"application/dashdelta": 0.0,
	"application/davmount+xml": 0.0,
	"application/dca-rft": 0.0,
	"application/DCD": 0.0,
	"application/dec-dx": 0.0,
	"application/dialog-info+xml": 0.0,
	"application/dicom": 0.0,
	"application/dicom+json": 0.0,
	"application/dicom+xml": 0.0,
	"application/DII": 0.0,
	"application/DIT": 0.0,
	"text/dns": 0.0,
	"application/dns+json": 0.0,
	"application/dns-message": 0.0,
	"application/dots+cbor": 0.0,
	"application/dskpp+xml": 0.0,
	"application/dssc+der": 0.0,
	"application/dssc+xml": 0.0,
	"application/dvcs": 0.0,
	"application/ecmascript": 0.0,
	"application/EDI-consent": 0.0,
	"application/EDIFACT": 0.0,
	"application/EDI-X12": 0.0,
	"application/efi": 0.0,
	"application/EmergencyCallData.cap+xml": 0.0,
	"application/EmergencyCallData.Comment+xml": 0.0,
	"application/EmergencyCallData.Control+xml": 0.0,
	"application/EmergencyCallData.DeviceInfo+xml": 0.0,
	"application/EmergencyCallData.eCall.MSD": 0.0,
	"application/EmergencyCallData.ProviderInfo+xml": 0.0,
	"application/EmergencyCallData.ServiceInfo+xml": 0.0,
	"application/EmergencyCallData.SubscriberInfo+xml": 0.0,
	"application/EmergencyCallData.VEDS+xml": 0.0,
	"application/emma+xml": 0.0,
	"application/emotionml+xml": 0.0,
	"video/encaprtp": 0.0,
	"application/epp+xml": 0.0,
	"application/epub+zip": 0.0,
	"application/eshop": 0.0,
	"model/example": 0.0,
	"application/exi": 0.0,
	"application/expect-ct-report+json": 0.0,
	"application/fastinfoset": 0.0,
	"application/fastsoap": 0.0,
	"application/fdt+xml": 0.0,
	"application/fhir+json": 0.0,
	"application/fhir+xml": 0.0,
	"image/fits": 0.0,
	"video/flexfec": 0.0,
	"application/font-sfnt": 0.0,
	"application/font-tdpfr": 0.0,
	"application/font-woff": 0.0,
	"application/framework-attributes+xml": 0.0,
	"application/geo+json": 0.0,
	"application/geo+json-seq": 0.0,
	"application/geopackage+sqlite3": 0.0,
	"application/geoxacml+xml": 0.0,
	"application/gltf-buffer": 0.0,
	"application/gml+xml": 0.0,
	"application/gzip": 0.0,
	"application/H224": 0.0,
	"application/held+xml": 0.0,
	"application/http": 0.0,
	"application/hyperstudio": 0.0,
	"application/ibe-key-request+xml": 0.0,
	"application/ibe-pkg-reply+xml": 0.0,
	"application/ibe-pp-data": 0.0,
	"model/iges": 0.0,
	"application/im-iscomposing+xml": 0.0,
	"application/index": 0.0,
	"application/index.cmd": 0.0,
	"application/index.obj": 0.0,
	"application/index.response": 0.0,
	"application/index.vnd": 0.0,
	"application/inkml+xml": 0.0,
	"application/IOTP": 0.0,
	"application/ipfix": 0.0,
	"application/ipp": 0.0,
	"application/ISUP": 0.0,
	"application/its+xml": 0.0,
	"application/javascript": 0.0,
	"application/jf2feed+json": 0.0,
	"application/jose": 0.0,
	"application/jose+json": 0.0,
	"application/jrd+json": 0.0,
	"application/json": 0.0,
	"application/json-patch+json": 0.0,
	"application/json-seq": 0.0,
	"application/jwk+json": 0.0,
	"application/jwk-set+json": 0.0,
	"application/jwt": 0.0,
	"application/kpml-request+xml": 0.0,
	"application/kpml-response+xml": 0.0,
	"application/ld+json": 0.0,
	"application/lgr+xml": 0.0,
	"application/link-format": 0.0,
	"application/load-control+xml": 0.0,
	"application/lost+xml": 0.0,
	"application/lostsync+xml": 0.0,
	"application/lpf+zip": 0.0,
	"application/LXF": 0.0,
	"application/mac-binhex40": 0.0,
	"application/macwriteii": 0.0,
	"application/mads+xml": 0.0,
	"application/marc": 0.0,
	"application/marcxml+xml": 0.0,
	"application/mathematica": 0.0,
	"application/mathml+xml": 0.0,
	"application/mathml-content+xml": 0.0,
	"application/mathml-presentation+xml": 0.0,
	"application/mbms-associated-procedure-description+xml": 0.0,
	"application/mbms-deregister+xml": 0.0,
	"application/mbms-envelope+xml": 0.0,
	"application/mbms-msk-response+xml": 0.0,
	"application/mbms-msk+xml": 0.0,
	"application/mbms-protection-description+xml": 0.0,
	"application/mbms-reception-report+xml": 0.0,
	"application/mbms-register-response+xml": 0.0,
	"application/mbms-register+xml": 0.0,
	"application/mbms-schedule+xml": 0.0,
	"application/mbms-user-service-description+xml": 0.0,
	"application/mbox": 0.0,
	"application/media_control+xml": 0.0,
	"application/media-policy-dataset+xml": 0.0,
	"application/mediaservercontrol+xml": 0.0,
	"application/merge-patch+json": 0.0,
	"application/metalink4+xml": 0.0,
	"application/mets+xml": 0.0,
	"application/MF4": 0.0,
	"application/mikey": 0.0,
	"application/mipc": 0.0,
	"application/mmt-aei+xml": 0.0,
	"application/mmt-usd+xml": 0.0,
	"application/mods+xml": 0.0,
	"application/moss-keys": 0.0,
	"application/moss-signature": 0.0,
	"application/mosskey-data": 0.0,
	"application/mosskey-request": 0.0,
	"application/mp21": 0.0,
	"application/mpeg4-iod": 0.0,
	"application/mpeg4-iod-xmt": 0.0,
	"application/mrb-consumer+xml": 0.0,
	"application/mrb-publish+xml": 0.0,
	"application/msc-ivr+xml": 0.0,
	"application/msc-mixer+xml": 0.0,
	"application/msword": 0.0,
	"application/mud+json": 0.0,
	"application/multipart-core": 0.0,
	"application/mxf": 0.0,
	"application/n-quads": 0.0,
	"application/n-triples": 0.0,
	"application/nasdata": 0.0,
	"application/news-checkgroups": 0.0,
	"application/news-groupinfo": 0.0,
	"application/news-transmission": 0.0,
	"application/nlsml+xml": 0.0,
	"application/node": 0.0,
	"application/nss": 0.0,
	"application/ocsp-request": 0.0,
	"application/ocsp-response": 0.0,
	"application/octet-stream": 0.0,
	"application/ODA": 0.0,
	"application/odm+xml": 0.0,
	"application/ODX": 0.0,
	"application/oebps-package+xml": 0.0,
	"video/ogg": 0.0,
	"application/opc-nodeset+xml": 0.0,
	"application/oscore": 0.0,
	"application/oxps": 0.0,
	"application/p2p-overlay+xml": 0.0,
	"": 0.0,
	"application/passport": 0.0,
	"application/patch-ops-error+xml": 0.0,
	"application/pdf": 0.0,
	"application/PDX": 0.0,
	"application/pem-certificate-chain": 0.0,
	"application/pgp-encrypted": 0.0,
	"application/pgp-keys": 0.0,
	"application/pgp-signature": 0.0,
	"application/pidf-diff+xml": 0.0,
	"application/pidf+xml": 0.0,
	"application/pkcs10": 0.0,
	"application/pkcs7-mime": 0.0,
	"application/pkcs7-signature": 0.0,
	"application/pkcs8": 0.0,
	"application/pkcs8-encrypted": 0.0,
	"application/pkcs12": 0.0,
	"application/pkix-attr-cert": 0.0,
	"application/pkix-cert": 0.0,
	"application/pkix-crl": 0.0,
	"application/pkix-pkipath": 0.0,
	"application/pkixcmp": 0.0,
	"application/pls+xml": 0.0,
	"application/poc-settings+xml": 0.0,
	"application/postscript": 0.0,
	"application/ppsp-tracker+json": 0.0,
	"application/problem+json": 0.0,
	"application/problem+xml": 0.0,
	"application/provenance+xml": 0.0,
	"application/prs.alvestrand.titrax-sheet": 0.0,
	"application/prs.cww": 0.0,
	"application/prs.cyn": 0.0,
	"application/prs.hpub+zip": 0.0,
	"application/prs.nprend": 0.0,
	"application/prs.plucker": 0.0,
	"application/prs.rdf-xml-crypt": 0.0,
	"application/prs.xsf+xml": 0.0,
	"application/pskc+xml": 0.0,
	"application/pvd+json": 0.0,
	"application/rdf+xml": 0.0,
	"application/route-apd+xml": 0.0,
	"application/route-s-tsid+xml": 0.0,
	"application/route-usd+xml": 0.0,
	"application/QSIG": 0.0,
	"video/raptorfec": 0.0,
	"application/rdap+json": 0.0,
	"application/reginfo+xml": 0.0,
	"application/relax-ng-compact-syntax": 0.0,
	"application/remote-printing": 0.0,
	"application/reputon+json": 0.0,
	"application/resource-lists-diff+xml": 0.0,
	"application/resource-lists+xml": 0.0,
	"application/rfc+xml": 0.0,
	"application/riscos": 0.0,
	"application/rlmi+xml": 0.0,
	"application/rls-services+xml": 0.0,
	"application/rpki-ghostbusters": 0.0,
	"application/rpki-manifest": 0.0,
	"application/rpki-publication": 0.0,
	"application/rpki-roa": 0.0,
	"application/rpki-updown": 0.0,
	"text/rtf": 0.0,
	"video/rtploopback": 0.0,
	"video/rtx": 0.0,
	"application/samlassertion+xml": 0.0,
	"application/samlmetadata+xml": 0.0,
	"application/sarif+json": 0.0,
	"application/sbe": 0.0,
	"application/sbml+xml": 0.0,
	"application/scaip+xml": 0.0,
	"application/scim+json": 0.0,
	"application/scvp-cv-request": 0.0,
	"application/scvp-cv-response": 0.0,
	"application/scvp-vp-request": 0.0,
	"application/scvp-vp-response": 0.0,
	"application/sdp": 0.0,
	"application/secevent+jwt": 0.0,
	"application/senml-etch+cbor": 0.0,
	"application/senml-etch+json": 0.0,
	"application/senml-exi": 0.0,
	"application/senml+cbor": 0.0,
	"application/senml+json": 0.0,
	"application/senml+xml": 0.0,
	"application/sensml-exi": 0.0,
	"application/sensml+cbor": 0.0,
	"application/sensml+json": 0.0,
	"application/sensml+xml": 0.0,
	"application/sep-exi": 0.0,
	"application/sep+xml": 0.0,
	"application/session-info": 0.0,
	"application/set-payment": 0.0,
	"application/set-payment-initiation": 0.0,
	"application/set-registration": 0.0,
	"application/set-registration-initiation": 0.0,
	"text/SGML": 0.0,
	"application/sgml-open-catalog": 0.0,
	"application/shf+xml": 0.0,
	"application/sieve": 0.0,
	"application/simple-filter+xml": 0.0,
	"application/simple-message-summary": 0.0,
	"application/simpleSymbolContainer": 0.0,
	"application/sipc": 0.0,
	"application/slate": 0.0,
	"application/smil": 0.0,
	"application/smil+xml": 0.0,
	"application/smpte336m": 0.0,
	"application/soap+fastinfoset": 0.0,
	"application/soap+xml": 0.0,
	"application/sparql-query": 0.0,
	"application/sparql-results+xml": 0.0,
	"application/spirits-event+xml": 0.0,
	"application/sql": 0.0,
	"application/srgs": 0.0,
	"application/srgs+xml": 0.0,
	"application/sru+xml": 0.0,
	"application/ssml+xml": 0.0,
	"application/stix+json": 0.0,
	"application/swid+xml": 0.0,
	"application/tamp-apex-update": 0.0,
	"application/tamp-apex-update-confirm": 0.0,
	"application/tamp-community-update": 0.0,
	"application/tamp-community-update-confirm": 0.0,
	"application/tamp-error": 0.0,
	"application/tamp-sequence-adjust": 0.0,
	"application/tamp-sequence-adjust-confirm": 0.0,
	"application/tamp-status-query": 0.0,
	"application/tamp-status-response": 0.0,
	"application/tamp-update": 0.0,
	"application/tamp-update-confirm": 0.0,
	"application/taxii+json": 0.0,
	"application/td+json": 0.0,
	"application/tei+xml": 0.0,
	"application/TETRA_ISI": 0.0,
	"application/thraud+xml": 0.0,
	"application/timestamp-query": 0.0,
	"application/timestamp-reply": 0.0,
	"application/timestamped-data": 0.0,
	"application/tlsrpt+gzip": 0.0,
	"application/tlsrpt+json": 0.0,
	"application/tnauthlist": 0.0,
	"application/trickle-ice-sdpfrag": 0.0,
	"application/trig": 0.0,
	"application/ttml+xml": 0.0,
	"application/tve-trigger": 0.0,
	"application/tzif": 0.0,
	"application/tzif-leap": 0.0,
	"video/ulpfec": 0.0,
	"application/urc-grpsheet+xml": 0.0,
	"application/urc-ressheet+xml": 0.0,
	"application/urc-targetdesc+xml": 0.0,
	"application/urc-uisocketdesc+xml": 0.0,
	"application/vcard+json": 0.0,
	"application/vcard+xml": 0.0,
	"application/vemmi": 0.0,
	"application/vnd.1000minds.decision-model+xml": 0.0,
	"application/vnd.3gpp.access-transfer-events+xml": 0.0,
	"application/vnd.3gpp.bsf+xml": 0.0,
	"application/vnd.3gpp.GMOP+xml": 0.0,
	"application/vnd.3gpp.interworking-data": 0.0,
	"application/vnd.3gpp.mc-signalling-ear": 0.0,
	"application/vnd.3gpp.mcdata-affiliation-command+xml": 0.0,
	"application/vnd.3gpp.mcdata-info+xml": 0.0,
	"application/vnd.3gpp.mcdata-payload": 0.0,
	"application/vnd.3gpp.mcdata-service-config+xml": 0.0,
	"application/vnd.3gpp.mcdata-signalling": 0.0,
	"application/vnd.3gpp.mcdata-ue-config+xml": 0.0,
	"application/vnd.3gpp.mcdata-user-profile+xml": 0.0,
	"application/vnd.3gpp.mcptt-affiliation-command+xml": 0.0,
	"application/vnd.3gpp.mcptt-floor-request+xml": 0.0,
	"application/vnd.3gpp.mcptt-info+xml": 0.0,
	"application/vnd.3gpp.mcptt-location-info+xml": 0.0,
	"application/vnd.3gpp.mcptt-mbms-usage-info+xml": 0.0,
	"application/vnd.3gpp.mcptt-service-config+xml": 0.0,
	"application/vnd.3gpp.mcptt-signed+xml": 0.0,
	"application/vnd.3gpp.mcptt-ue-config+xml": 0.0,
	"application/vnd.3gpp.mcptt-ue-init-config+xml": 0.0,
	"application/vnd.3gpp.mcptt-user-profile+xml": 0.0,
	"application/vnd.3gpp.mcvideo-affiliation-command+xml": 0.0,
	"application/vnd.3gpp.mcvideo-affiliation-info+xml": 0.0,
	"application/vnd.3gpp.mcvideo-info+xml": 0.0,
	"application/vnd.3gpp.mcvideo-location-info+xml": 0.0,
	"application/vnd.3gpp.mcvideo-mbms-usage-info+xml": 0.0,
	"application/vnd.3gpp.mcvideo-service-config+xml": 0.0,
	"application/vnd.3gpp.mcvideo-transmission-request+xml": 0.0,
	"application/vnd.3gpp.mcvideo-ue-config+xml": 0.0,
	"application/vnd.3gpp.mcvideo-user-profile+xml": 0.0,
	"application/vnd.3gpp.mid-call+xml": 0.0,
	"application/vnd.3gpp.pic-bw-large": 0.0,
	"application/vnd.3gpp.pic-bw-small": 0.0,
	"application/vnd.3gpp.pic-bw-var": 0.0,
	"application/vnd.3gpp-prose-pc3ch+xml": 0.0,
	"application/vnd.3gpp-prose+xml": 0.0,
	"application/vnd.3gpp.sms": 0.0,
	"application/vnd.3gpp.sms+xml": 0.0,
	"application/vnd.3gpp.srvcc-ext+xml": 0.0,
	"application/vnd.3gpp.SRVCC-info+xml": 0.0,
	"application/vnd.3gpp.state-and-event-info+xml": 0.0,
	"application/vnd.3gpp.ussd+xml": 0.0,
	"application/vnd.3gpp-v2x-local-service-information": 0.0,
	"application/vnd.3gpp2.bcmcsinfo+xml": 0.0,
	"application/vnd.3gpp2.sms": 0.0,
	"application/vnd.3gpp2.tcap": 0.0,
	"application/vnd.3lightssoftware.imagescal": 0.0,
	"application/vnd.3M.Post-it-Notes": 0.0,
	"application/vnd.accpac.simply.aso": 0.0,
	"application/vnd.accpac.simply.imp": 0.0,
	"application/vnd.acucobol": 0.0,
	"application/vnd.acucorp": 0.0,
	"application/vnd.adobe.flash.movie": 0.0,
	"application/vnd.adobe.formscentral.fcdt": 0.0,
	"application/vnd.adobe.fxp": 0.0,
	"application/vnd.adobe.partial-upload": 0.0,
	"application/vnd.adobe.xdp+xml": 0.0,
	"application/vnd.adobe.xfdf": 0.0,
	"application/vnd.aether.imp": 0.0,
	"application/vnd.afpc.afplinedata": 0.0,
	"application/vnd.afpc.afplinedata-pagedef": 0.0,
	"application/vnd.afpc.foca-charset": 0.0,
	"application/vnd.afpc.foca-codedfont": 0.0,
	"application/vnd.afpc.foca-codepage": 0.0,
	"application/vnd.afpc.modca": 0.0,
	"application/vnd.afpc.modca-formdef": 0.0,
	"application/vnd.afpc.modca-mediummap": 0.0,
	"application/vnd.afpc.modca-objectcontainer": 0.0,
	"application/vnd.afpc.modca-overlay": 0.0,
	"application/vnd.afpc.modca-pagesegment": 0.0,
	"application/vnd.ah-barcode": 0.0,
	"application/vnd.ahead.space": 0.0,
	"application/vnd.airzip.filesecure.azf": 0.0,
	"application/vnd.airzip.filesecure.azs": 0.0,
	"application/vnd.amadeus+json": 0.0,
	"application/vnd.amazon.mobi8-ebook": 0.0,
	"application/vnd.americandynamics.acc": 0.0,
	"application/vnd.amiga.ami": 0.0,
	"application/vnd.amundsen.maze+xml": 0.0,
	"application/vnd.android.ota": 0.0,
	"application/vnd.anki": 0.0,
	"application/vnd.anser-web-certificate-issue-initiation": 0.0,
	"application/vnd.antix.game-component": 0.0,
	"application/vnd.apache.thrift.binary": 0.0,
	"application/vnd.apache.thrift.compact": 0.0,
	"application/vnd.apache.thrift.json": 0.0,
	"application/vnd.api+json": 0.0,
	"application/vnd.aplextor.warrp+json": 0.0,
	"application/vnd.apothekende.reservation+json": 0.0,
	"application/vnd.apple.installer+xml": 0.0,
	"application/vnd.apple.keynote": 0.0,
	"application/vnd.apple.mpegurl": 0.0,
	"application/vnd.apple.numbers": 0.0,
	"application/vnd.apple.pages": 0.0,
	"application/vnd.arastra.swi": 0.0,
	"application/vnd.aristanetworks.swi": 0.0,
	"application/vnd.artisan+json": 0.0,
	"application/vnd.artsquare": 0.0,
	"application/vnd.astraea-software.iota": 0.0,
	"application/vnd.audiograph": 0.0,
	"application/vnd.autopackage": 0.0,
	"application/vnd.avalon+json": 0.0,
	"application/vnd.avistar+xml": 0.0,
	"application/vnd.balsamiq.bmml+xml": 0.0,
	"application/vnd.banana-accounting": 0.0,
	"application/vnd.bbf.usp.error": 0.0,
	"application/vnd.bbf.usp.msg": 0.0,
	"application/vnd.bbf.usp.msg+json": 0.0,
	"application/vnd.balsamiq.bmpr": 0.0,
	"application/vnd.bekitzur-stech+json": 0.0,
	"application/vnd.bint.med-content": 0.0,
	"application/vnd.biopax.rdf+xml": 0.0,
	"application/vnd.blink-idb-value-wrapper": 0.0,
	"application/vnd.blueice.multipass": 0.0,
	"application/vnd.bluetooth.ep.oob": 0.0,
	"application/vnd.bluetooth.le.oob": 0.0,
	"application/vnd.bmi": 0.0,
	"application/vnd.bpf": 0.0,
	"application/vnd.bpf3": 0.0,
	"application/vnd.businessobjects": 0.0,
	"application/vnd.byu.uapi+json": 0.0,
	"application/vnd.cab-jscript": 0.0,
	"application/vnd.canon-cpdl": 0.0,
	"application/vnd.canon-lips": 0.0,
	"application/vnd.capasystems-pg+json": 0.0,
	"application/vnd.cendio.thinlinc.clientconf": 0.0,
	"application/vnd.century-systems.tcp_stream": 0.0,
	"application/vnd.chemdraw+xml": 0.0,
	"application/vnd.chess-pgn": 0.0,
	"application/vnd.chipnuts.karaoke-mmd": 0.0,
	"application/vnd.ciedi": 0.0,
	"application/vnd.cinderella": 0.0,
	"application/vnd.cirpack.isdn-ext": 0.0,
	"application/vnd.citationstyles.style+xml": 0.0,
	"application/vnd.claymore": 0.0,
	"application/vnd.cloanto.rp9": 0.0,
	"application/vnd.clonk.c4group": 0.0,
	"application/vnd.cluetrust.cartomobile-config": 0.0,
	"application/vnd.cluetrust.cartomobile-config-pkg": 0.0,
	"application/vnd.coffeescript": 0.0,
	"application/vnd.collabio.xodocuments.document": 0.0,
	"application/vnd.collabio.xodocuments.document-template": 0.0,
	"application/vnd.collabio.xodocuments.presentation": 0.0,
	"application/vnd.collabio.xodocuments.presentation-template": 0.0,
	"application/vnd.collabio.xodocuments.spreadsheet": 0.0,
	"application/vnd.collabio.xodocuments.spreadsheet-template": 0.0,
	"application/vnd.collection.doc+json": 0.0,
	"application/vnd.collection+json": 0.0,
	"application/vnd.collection.next+json": 0.0,
	"application/vnd.comicbook-rar": 0.0,
	"application/vnd.comicbook+zip": 0.0,
	"application/vnd.commerce-battelle": 0.0,
	"application/vnd.commonspace": 0.0,
	"application/vnd.coreos.ignition+json": 0.0,
	"application/vnd.cosmocaller": 0.0,
	"application/vnd.contact.cmsg": 0.0,
	"application/vnd.crick.clicker": 0.0,
	"application/vnd.crick.clicker.keyboard": 0.0,
	"application/vnd.crick.clicker.palette": 0.0,
	"application/vnd.crick.clicker.template": 0.0,
	"application/vnd.crick.clicker.wordbank": 0.0,
	"application/vnd.criticaltools.wbs+xml": 0.0,
	"application/vnd.cryptii.pipe+json": 0.0,
	"application/vnd.crypto-shade-file": 0.0,
	"application/vnd.ctc-posml": 0.0,
	"application/vnd.ctct.ws+xml": 0.0,
	"application/vnd.cups-pdf": 0.0,
	"application/vnd.cups-postscript": 0.0,
	"application/vnd.cups-ppd": 0.0,
	"application/vnd.cups-raster": 0.0,
	"application/vnd.cups-raw": 0.0,
	"text/vnd.curl": 0.0,
	"application/vnd.cyan.dean.root+xml": 0.0,
	"application/vnd.cybank": 0.0,
	"application/vnd.d2l.coursepackage1p0+zip": 0.0,
	"application/vnd.d3m-dataset": 0.0,
	"application/vnd.d3m-problem": 0.0,
	"application/vnd.dart": 0.0,
	"application/vnd.data-vision.rdz": 0.0,
	"application/vnd.datapackage+json": 0.0,
	"application/vnd.dataresource+json": 0.0,
	"application/vnd.dbf": 0.0,
	"application/vnd.debian.binary-package": 0.0,
	"application/vnd.dece.data": 0.0,
	"application/vnd.dece.ttml+xml": 0.0,
	"application/vnd.dece.unspecified": 0.0,
	"application/vnd.dece.zip": 0.0,
	"application/vnd.denovo.fcselayout-link": 0.0,
	"application/vnd.desmume.movie": 0.0,
	"application/vnd.dir-bi.plate-dl-nosuffix": 0.0,
	"application/vnd.dm.delegation+xml": 0.0,
	"application/vnd.dna": 0.0,
	"application/vnd.document+json": 0.0,
	"application/vnd.dolby.mobile.1": 0.0,
	"application/vnd.dolby.mobile.2": 0.0,
	"application/vnd.doremir.scorecloud-binary-document": 0.0,
	"application/vnd.dpgraph": 0.0,
	"application/vnd.dreamfactory": 0.0,
	"application/vnd.drive+json": 0.0,
	"application/vnd.dtg.local": 0.0,
	"application/vnd.dtg.local.flash": 0.0,
	"application/vnd.dtg.local.html": 0.0,
	"application/vnd.dvb.ait": 0.0,
	"application/vnd.dvb.dvbisl+xml": 0.0,
	"application/vnd.dvb.dvbj": 0.0,
	"application/vnd.dvb.esgcontainer": 0.0,
	"application/vnd.dvb.ipdcdftnotifaccess": 0.0,
	"application/vnd.dvb.ipdcesgaccess": 0.0,
	"application/vnd.dvb.ipdcesgaccess2": 0.0,
	"application/vnd.dvb.ipdcesgpdd": 0.0,
	"application/vnd.dvb.ipdcroaming": 0.0,
	"application/vnd.dvb.iptv.alfec-base": 0.0,
	"application/vnd.dvb.iptv.alfec-enhancement": 0.0,
	"application/vnd.dvb.notif-aggregate-root+xml": 0.0,
	"application/vnd.dvb.notif-container+xml": 0.0,
	"application/vnd.dvb.notif-generic+xml": 0.0,
	"application/vnd.dvb.notif-ia-msglist+xml": 0.0,
	"application/vnd.dvb.notif-ia-registration-request+xml": 0.0,
	"application/vnd.dvb.notif-ia-registration-response+xml": 0.0,
	"application/vnd.dvb.notif-init+xml": 0.0,
	"application/vnd.dvb.pfr": 0.0,
	"application/vnd.dvb.service": 0.0,
	"application/vnd.dxr": 0.0,
	"application/vnd.dynageo": 0.0,
	"application/vnd.dzr": 0.0,
	"application/vnd.easykaraoke.cdgdownload": 0.0,
	"application/vnd.ecip.rlp": 0.0,
	"application/vnd.ecdis-update": 0.0,
	"application/vnd.ecowin.chart": 0.0,
	"application/vnd.ecowin.filerequest": 0.0,
	"application/vnd.ecowin.fileupdate": 0.0,
	"application/vnd.ecowin.series": 0.0,
	"application/vnd.ecowin.seriesrequest": 0.0,
	"application/vnd.ecowin.seriesupdate": 0.0,
	"application/vnd.efi.img": 0.0,
	"application/vnd.efi.iso": 0.0,
	"application/vnd.emclient.accessrequest+xml": 0.0,
	"application/vnd.enliven": 0.0,
	"application/vnd.enphase.envoy": 0.0,
	"application/vnd.eprints.data+xml": 0.0,
	"application/vnd.epson.esf": 0.0,
	"application/vnd.epson.msf": 0.0,
	"application/vnd.epson.quickanime": 0.0,
	"application/vnd.epson.salt": 0.0,
	"application/vnd.epson.ssf": 0.0,
	"application/vnd.ericsson.quickcall": 0.0,
	"application/vnd.espass-espass+zip": 0.0,
	"application/vnd.eszigno3+xml": 0.0,
	"application/vnd.etsi.aoc+xml": 0.0,
	"application/vnd.etsi.asic-s+zip": 0.0,
	"application/vnd.etsi.asic-e+zip": 0.0,
	"application/vnd.etsi.cug+xml": 0.0,
	"application/vnd.etsi.iptvcommand+xml": 0.0,
	"application/vnd.etsi.iptvdiscovery+xml": 0.0,
	"application/vnd.etsi.iptvprofile+xml": 0.0,
	"application/vnd.etsi.iptvsad-bc+xml": 0.0,
	"application/vnd.etsi.iptvsad-cod+xml": 0.0,
	"application/vnd.etsi.iptvsad-npvr+xml": 0.0,
	"application/vnd.etsi.iptvservice+xml": 0.0,
	"application/vnd.etsi.iptvsync+xml": 0.0,
	"application/vnd.etsi.iptvueprofile+xml": 0.0,
	"application/vnd.etsi.mcid+xml": 0.0,
	"application/vnd.etsi.mheg5": 0.0,
	"application/vnd.etsi.overload-control-policy-dataset+xml": 0.0,
	"application/vnd.etsi.pstn+xml": 0.0,
	"application/vnd.etsi.sci+xml": 0.0,
	"application/vnd.etsi.simservs+xml": 0.0,
	"application/vnd.etsi.timestamp-token": 0.0,
	"application/vnd.etsi.tsl+xml": 0.0,
	"application/vnd.etsi.tsl.der": 0.0,
	"application/vnd.evolv.ecig.profile": 0.0,
	"application/vnd.evolv.ecig.settings": 0.0,
	"application/vnd.evolv.ecig.theme": 0.0,
	"application/vnd.eudora.data": 0.0,
	"application/vnd.exstream-empower+zip": 0.0,
	"application/vnd.exstream-package": 0.0,
	"application/vnd.ezpix-album": 0.0,
	"application/vnd.ezpix-package": 0.0,
	"application/vnd.f-secure.mobile": 0.0,
	"application/vnd.fastcopy-disk-image": 0.0,
	"application/vnd.fdf": 0.0,
	"application/vnd.fdsn.mseed": 0.0,
	"application/vnd.fdsn.seed": 0.0,
	"application/vnd.ffsns": 0.0,
	"application/vnd.ficlab.flb+zip": 0.0,
	"application/vnd.filmit.zfc": 0.0,
	"application/vnd.fints": 0.0,
	"application/vnd.firemonkeys.cloudcell": 0.0,
	"application/vnd.FloGraphIt": 0.0,
	"application/vnd.fluxtime.clip": 0.0,
	"application/vnd.font-fontforge-sfd": 0.0,
	"application/vnd.framemaker": 0.0,
	"application/vnd.frogans.fnc": 0.0,
	"application/vnd.frogans.ltf": 0.0,
	"application/vnd.fsc.weblaunch": 0.0,
	"application/vnd.fujitsu.oasys": 0.0,
	"application/vnd.fujitsu.oasys2": 0.0,
	"application/vnd.fujitsu.oasys3": 0.0,
	"application/vnd.fujitsu.oasysgp": 0.0,
	"application/vnd.fujitsu.oasysprs": 0.0,
	"application/vnd.fujixerox.ART4": 0.0,
	"application/vnd.fujixerox.ART-EX": 0.0,
	"application/vnd.fujixerox.ddd": 0.0,
	"application/vnd.fujixerox.docuworks": 0.0,
	"application/vnd.fujixerox.docuworks.binder": 0.0,
	"application/vnd.fujixerox.docuworks.container": 0.0,
	"application/vnd.fujixerox.HBPL": 0.0,
	"application/vnd.fut-misnet": 0.0,
	"application/vnd.futoin+cbor": 0.0,
	"application/vnd.futoin+json": 0.0,
	"application/vnd.fuzzysheet": 0.0,
	"application/vnd.genomatix.tuxedo": 0.0,
	"application/vnd.gentics.grd+json": 0.0,
	"application/vnd.geo+json": 0.0,
	"application/vnd.geocube+xml": 0.0,
	"application/vnd.geogebra.file": 0.0,
	"application/vnd.geogebra.tool": 0.0,
	"application/vnd.geometry-explorer": 0.0,
	"application/vnd.geonext": 0.0,
	"application/vnd.geoplan": 0.0,
	"application/vnd.geospace": 0.0,
	"application/vnd.gerber": 0.0,
	"application/vnd.globalplatform.card-content-mgt": 0.0,
	"application/vnd.globalplatform.card-content-mgt-response": 0.0,
	"application/vnd.gmx": 0.0,
	"application/vnd.google-earth.kml+xml": 0.0,
	"application/vnd.google-earth.kmz": 0.0,
	"application/vnd.gov.sk.e-form+xml": 0.0,
	"application/vnd.gov.sk.e-form+zip": 0.0,
	"application/vnd.gov.sk.xmldatacontainer+xml": 0.0,
	"application/vnd.grafeq": 0.0,
	"application/vnd.gridmp": 0.0,
	"application/vnd.groove-account": 0.0,
	"application/vnd.groove-help": 0.0,
	"application/vnd.groove-identity-message": 0.0,
	"application/vnd.groove-injector": 0.0,
	"application/vnd.groove-tool-message": 0.0,
	"application/vnd.groove-tool-template": 0.0,
	"application/vnd.groove-vcard": 0.0,
	"application/vnd.hal+json": 0.0,
	"application/vnd.hal+xml": 0.0,
	"application/vnd.HandHeld-Entertainment+xml": 0.0,
	"application/vnd.hbci": 0.0,
	"application/vnd.hc+json": 0.0,
	"application/vnd.hcl-bireports": 0.0,
	"application/vnd.hdt": 0.0,
	"application/vnd.heroku+json": 0.0,
	"application/vnd.hhe.lesson-player": 0.0,
	"application/vnd.hp-HPGL": 0.0,
	"application/vnd.hp-hpid": 0.0,
	"application/vnd.hp-hps": 0.0,
	"application/vnd.hp-jlyt": 0.0,
	"application/vnd.hp-PCL": 0.0,
	"application/vnd.hp-PCLXL": 0.0,
	"application/vnd.httphone": 0.0,
	"application/vnd.hydrostatix.sof-data": 0.0,
	"application/vnd.hyper-item+json": 0.0,
	"application/vnd.hyper+json": 0.0,
	"application/vnd.hyperdrive+json": 0.0,
	"application/vnd.hzn-3d-crossword": 0.0,
	"application/vnd.ibm.afplinedata": 0.0,
	"application/vnd.ibm.electronic-media": 0.0,
	"application/vnd.ibm.MiniPay": 0.0,
	"application/vnd.ibm.modcap": 0.0,
	"application/vnd.ibm.rights-management": 0.0,
	"application/vnd.ibm.secure-container": 0.0,
	"application/vnd.iccprofile": 0.0,
	"application/vnd.ieee.1905": 0.0,
	"application/vnd.igloader": 0.0,
	"application/vnd.imagemeter.folder+zip": 0.0,
	"application/vnd.imagemeter.image+zip": 0.0,
	"application/vnd.immervision-ivp": 0.0,
	"application/vnd.immervision-ivu": 0.0,
	"application/vnd.ims.imsccv1p1": 0.0,
	"application/vnd.ims.imsccv1p2": 0.0,
	"application/vnd.ims.imsccv1p3": 0.0,
	"application/vnd.ims.lis.v2.result+json": 0.0,
	"application/vnd.ims.lti.v2.toolconsumerprofile+json": 0.0,
	"application/vnd.ims.lti.v2.toolproxy.id+json": 0.0,
	"application/vnd.ims.lti.v2.toolproxy+json": 0.0,
	"application/vnd.ims.lti.v2.toolsettings+json": 0.0,
	"application/vnd.ims.lti.v2.toolsettings.simple+json": 0.0,
	"application/vnd.informedcontrol.rms+xml": 0.0,
	"application/vnd.infotech.project": 0.0,
	"application/vnd.infotech.project+xml": 0.0,
	"application/vnd.informix-visionary": 0.0,
	"application/vnd.innopath.wamp.notification": 0.0,
	"application/vnd.insors.igm": 0.0,
	"application/vnd.intercon.formnet": 0.0,
	"application/vnd.intergeo": 0.0,
	"application/vnd.intertrust.digibox": 0.0,
	"application/vnd.intertrust.nncp": 0.0,
	"application/vnd.intu.qbo": 0.0,
	"application/vnd.intu.qfx": 0.0,
	"application/vnd.iptc.g2.catalogitem+xml": 0.0,
	"application/vnd.iptc.g2.conceptitem+xml": 0.0,
	"application/vnd.iptc.g2.knowledgeitem+xml": 0.0,
	"application/vnd.iptc.g2.newsitem+xml": 0.0,
	"application/vnd.iptc.g2.newsmessage+xml": 0.0,
	"application/vnd.iptc.g2.packageitem+xml": 0.0,
	"application/vnd.iptc.g2.planningitem+xml": 0.0,
	"application/vnd.ipunplugged.rcprofile": 0.0,
	"application/vnd.irepository.package+xml": 0.0,
	"application/vnd.is-xpr": 0.0,
	"application/vnd.isac.fcs": 0.0,
	"application/vnd.jam": 0.0,
	"application/vnd.iso11783-10+zip": 0.0,
	"application/vnd.japannet-directory-service": 0.0,
	"application/vnd.japannet-jpnstore-wakeup": 0.0,
	"application/vnd.japannet-payment-wakeup": 0.0,
	"application/vnd.japannet-registration": 0.0,
	"application/vnd.japannet-registration-wakeup": 0.0,
	"application/vnd.japannet-setstore-wakeup": 0.0,
	"application/vnd.japannet-verification": 0.0,
	"application/vnd.japannet-verification-wakeup": 0.0,
	"application/vnd.jcp.javame.midlet-rms": 0.0,
	"application/vnd.jisp": 0.0,
	"application/vnd.joost.joda-archive": 0.0,
	"application/vnd.jsk.isdn-ngn": 0.0,
	"application/vnd.kahootz": 0.0,
	"application/vnd.kde.karbon": 0.0,
	"application/vnd.kde.kchart": 0.0,
	"application/vnd.kde.kformula": 0.0,
	"application/vnd.kde.kivio": 0.0,
	"application/vnd.kde.kontour": 0.0,
	"application/vnd.kde.kpresenter": 0.0,
	"application/vnd.kde.kspread": 0.0,
	"application/vnd.kde.kword": 0.0,
	"application/vnd.kenameaapp": 0.0,
	"application/vnd.kidspiration": 0.0,
	"application/vnd.Kinar": 0.0,
	"application/vnd.koan": 0.0,
	"application/vnd.kodak-descriptor": 0.0,
	"application/vnd.las": 0.0,
	"application/vnd.las.las+json": 0.0,
	"application/vnd.las.las+xml": 0.0,
	"application/vnd.laszip": 0.0,
	"application/vnd.leap+json": 0.0,
	"application/vnd.liberty-request+xml": 0.0,
	"application/vnd.llamagraphics.life-balance.desktop": 0.0,
	"application/vnd.llamagraphics.life-balance.exchange+xml": 0.0,
	"application/vnd.logipipe.circuit+zip": 0.0,
	"application/vnd.loom": 0.0,
	"application/vnd.lotus-1-2-3": 0.0,
	"application/vnd.lotus-approach": 0.0,
	"application/vnd.lotus-freelance": 0.0,
	"application/vnd.lotus-notes": 0.0,
	"application/vnd.lotus-organizer": 0.0,
	"application/vnd.lotus-screencam": 0.0,
	"application/vnd.lotus-wordpro": 0.0,
	"application/vnd.macports.portpkg": 0.0,
	"application/vnd.mapbox-vector-tile": 0.0,
	"application/vnd.marlin.drm.actiontoken+xml": 0.0,
	"application/vnd.marlin.drm.conftoken+xml": 0.0,
	"application/vnd.marlin.drm.license+xml": 0.0,
	"application/vnd.marlin.drm.mdcf": 0.0,
	"application/vnd.mason+json": 0.0,
	"application/vnd.maxmind.maxmind-db": 0.0,
	"application/vnd.mcd": 0.0,
	"application/vnd.medcalcdata": 0.0,
	"application/vnd.mediastation.cdkey": 0.0,
	"application/vnd.meridian-slingshot": 0.0,
	"application/vnd.MFER": 0.0,
	"application/vnd.mfmp": 0.0,
	"application/vnd.micro+json": 0.0,
	"application/vnd.micrografx.flo": 0.0,
	"application/vnd.micrografx.igx": 0.0,
	"application/vnd.microsoft.portable-executable": 0.0,
	"application/vnd.microsoft.windows.thumbnail-cache": 0.0,
	"application/vnd.miele+json": 0.0,
	"application/vnd.mif": 0.0,
	"application/vnd.minisoft-hp3000-save": 0.0,
	"application/vnd.mitsubishi.misty-guard.trustweb": 0.0,
	"application/vnd.Mobius.DAF": 0.0,
	"application/vnd.Mobius.DIS": 0.0,
	"application/vnd.Mobius.MBK": 0.0,
	"application/vnd.Mobius.MQY": 0.0,
	"application/vnd.Mobius.MSL": 0.0,
	"application/vnd.Mobius.PLC": 0.0,
	"application/vnd.Mobius.TXF": 0.0,
	"application/vnd.mophun.application": 0.0,
	"application/vnd.mophun.certificate": 0.0,
	"application/vnd.motorola.flexsuite": 0.0,
	"application/vnd.motorola.flexsuite.adsi": 0.0,
	"application/vnd.motorola.flexsuite.fis": 0.0,
	"application/vnd.motorola.flexsuite.gotap": 0.0,
	"application/vnd.motorola.flexsuite.kmr": 0.0,
	"application/vnd.motorola.flexsuite.ttc": 0.0,
	"application/vnd.motorola.flexsuite.wem": 0.0,
	"application/vnd.motorola.iprm": 0.0,
	"application/vnd.mozilla.xul+xml": 0.0,
	"application/vnd.ms-artgalry": 0.0,
	"application/vnd.ms-asf": 0.0,
	"application/vnd.ms-cab-compressed": 0.0,
	"application/vnd.ms-3mfdocument": 0.0,
	"application/vnd.ms-excel": 0.0,
	"application/vnd.ms-excel.addin.macroEnabled.12": 0.0,
	"application/vnd.ms-excel.sheet.binary.macroEnabled.12": 0.0,
	"application/vnd.ms-excel.sheet.macroEnabled.12": 0.0,
	"application/vnd.ms-excel.template.macroEnabled.12": 0.0,
	"application/vnd.ms-fontobject": 0.0,
	"application/vnd.ms-htmlhelp": 0.0,
	"application/vnd.ms-ims": 0.0,
	"application/vnd.ms-lrm": 0.0,
	"application/vnd.ms-office.activeX+xml": 0.0,
	"application/vnd.ms-officetheme": 0.0,
	"application/vnd.ms-playready.initiator+xml": 0.0,
	"application/vnd.ms-powerpoint": 0.0,
	"application/vnd.ms-powerpoint.addin.macroEnabled.12": 0.0,
	"application/vnd.ms-powerpoint.presentation.macroEnabled.12": 0.0,
	"application/vnd.ms-powerpoint.slide.macroEnabled.12": 0.0,
	"application/vnd.ms-powerpoint.slideshow.macroEnabled.12": 0.0,
	"application/vnd.ms-powerpoint.template.macroEnabled.12": 0.0,
	"application/vnd.ms-PrintDeviceCapabilities+xml": 0.0,
	"application/vnd.ms-PrintSchemaTicket+xml": 0.0,
	"application/vnd.ms-project": 0.0,
	"application/vnd.ms-tnef": 0.0,
	"application/vnd.ms-windows.devicepairing": 0.0,
	"application/vnd.ms-windows.nwprinting.oob": 0.0,
	"application/vnd.ms-windows.printerpairing": 0.0,
	"application/vnd.ms-windows.wsd.oob": 0.0,
	"application/vnd.ms-wmdrm.lic-chlg-req": 0.0,
	"application/vnd.ms-wmdrm.lic-resp": 0.0,
	"application/vnd.ms-wmdrm.meter-chlg-req": 0.0,
	"application/vnd.ms-wmdrm.meter-resp": 0.0,
	"application/vnd.ms-word.document.macroEnabled.12": 0.0,
	"application/vnd.ms-word.template.macroEnabled.12": 0.0,
	"application/vnd.ms-works": 0.0,
	"application/vnd.ms-wpl": 0.0,
	"application/vnd.ms-xpsdocument": 0.0,
	"application/vnd.msa-disk-image": 0.0,
	"application/vnd.mseq": 0.0,
	"application/vnd.msign": 0.0,
	"application/vnd.multiad.creator": 0.0,
	"application/vnd.multiad.creator.cif": 0.0,
	"application/vnd.musician": 0.0,
	"application/vnd.music-niff": 0.0,
	"application/vnd.muvee.style": 0.0,
	"application/vnd.mynfc": 0.0,
	"application/vnd.ncd.control": 0.0,
	"application/vnd.ncd.reference": 0.0,
	"application/vnd.nearst.inv+json": 0.0,
	"application/vnd.nervana": 0.0,
	"application/vnd.netfpx": 0.0,
	"application/vnd.neurolanguage.nlu": 0.0,
	"application/vnd.nimn": 0.0,
	"application/vnd.nintendo.snes.rom": 0.0,
	"application/vnd.nintendo.nitro.rom": 0.0,
	"application/vnd.nitf": 0.0,
	"application/vnd.noblenet-directory": 0.0,
	"application/vnd.noblenet-sealer": 0.0,
	"application/vnd.noblenet-web": 0.0,
	"application/vnd.nokia.catalogs": 0.0,
	"application/vnd.nokia.conml+wbxml": 0.0,
	"application/vnd.nokia.conml+xml": 0.0,
	"application/vnd.nokia.iptv.config+xml": 0.0,
	"application/vnd.nokia.iSDS-radio-presets": 0.0,
	"application/vnd.nokia.landmark+wbxml": 0.0,
	"application/vnd.nokia.landmark+xml": 0.0,
	"application/vnd.nokia.landmarkcollection+xml": 0.0,
	"application/vnd.nokia.ncd": 0.0,
	"application/vnd.nokia.n-gage.ac+xml": 0.0,
	"application/vnd.nokia.n-gage.data": 0.0,
	"application/vnd.nokia.n-gage.symbian.install": 0.0,
	"application/vnd.nokia.pcd+wbxml": 0.0,
	"application/vnd.nokia.pcd+xml": 0.0,
	"application/vnd.nokia.radio-preset": 0.0,
	"application/vnd.nokia.radio-presets": 0.0,
	"application/vnd.novadigm.EDM": 0.0,
	"application/vnd.novadigm.EDX": 0.0,
	"application/vnd.novadigm.EXT": 0.0,
	"application/vnd.ntt-local.content-share": 0.0,
	"application/vnd.ntt-local.file-transfer": 0.0,
	"application/vnd.ntt-local.ogw_remote-access": 0.0,
	"application/vnd.ntt-local.sip-ta_remote": 0.0,
	"application/vnd.ntt-local.sip-ta_tcp_stream": 0.0,
	"application/vnd.oasis.opendocument.chart": 0.0,
	"application/vnd.oasis.opendocument.chart-template": 0.0,
	"application/vnd.oasis.opendocument.database": 0.0,
	"application/vnd.oasis.opendocument.formula": 0.0,
	"application/vnd.oasis.opendocument.formula-template": 0.0,
	"application/vnd.oasis.opendocument.graphics": 0.0,
	"application/vnd.oasis.opendocument.graphics-template": 0.0,
	"application/vnd.oasis.opendocument.image": 0.0,
	"application/vnd.oasis.opendocument.image-template": 0.0,
	"application/vnd.oasis.opendocument.presentation": 0.0,
	"application/vnd.oasis.opendocument.presentation-template": 0.0,
	"application/vnd.oasis.opendocument.spreadsheet": 0.0,
	"application/vnd.oasis.opendocument.spreadsheet-template": 0.0,
	"application/vnd.oasis.opendocument.text": 0.0,
	"application/vnd.oasis.opendocument.text-master": 0.0,
	"application/vnd.oasis.opendocument.text-template": 0.0,
	"application/vnd.oasis.opendocument.text-web": 0.0,
	"application/vnd.obn": 0.0,
	"application/vnd.ocf+cbor": 0.0,
	"application/vnd.oci.image.manifest.v1+json": 0.0,
	"application/vnd.oftn.l10n+json": 0.0,
	"application/vnd.oipf.contentaccessdownload+xml": 0.0,
	"application/vnd.oipf.contentaccessstreaming+xml": 0.0,
	"application/vnd.oipf.cspg-hexbinary": 0.0,
	"application/vnd.oipf.dae.svg+xml": 0.0,
	"application/vnd.oipf.dae.xhtml+xml": 0.0,
	"application/vnd.oipf.mippvcontrolmessage+xml": 0.0,
	"application/vnd.oipf.pae.gem": 0.0,
	"application/vnd.oipf.spdiscovery+xml": 0.0,
	"application/vnd.oipf.spdlist+xml": 0.0,
	"application/vnd.oipf.ueprofile+xml": 0.0,
	"application/vnd.oipf.userprofile+xml": 0.0,
	"application/vnd.olpc-sugar": 0.0,
	"application/vnd.oma.bcast.associated-procedure-parameter+xml": 0.0,
	"application/vnd.oma.bcast.drm-trigger+xml": 0.0,
	"application/vnd.oma.bcast.imd+xml": 0.0,
	"application/vnd.oma.bcast.ltkm": 0.0,
	"application/vnd.oma.bcast.notification+xml": 0.0,
	"application/vnd.oma.bcast.provisioningtrigger": 0.0,
	"application/vnd.oma.bcast.sgboot": 0.0,
	"application/vnd.oma.bcast.sgdd+xml": 0.0,
	"application/vnd.oma.bcast.sgdu": 0.0,
	"application/vnd.oma.bcast.simple-symbol-container": 0.0,
	"application/vnd.oma.bcast.smartcard-trigger+xml": 0.0,
	"application/vnd.oma.bcast.sprov+xml": 0.0,
	"application/vnd.oma.bcast.stkm": 0.0,
	"application/vnd.oma.cab-address-book+xml": 0.0,
	"application/vnd.oma.cab-feature-handler+xml": 0.0,
	"application/vnd.oma.cab-pcc+xml": 0.0,
	"application/vnd.oma.cab-subs-invite+xml": 0.0,
	"application/vnd.oma.cab-user-prefs+xml": 0.0,
	"application/vnd.oma.dcd": 0.0,
	"application/vnd.oma.dcdc": 0.0,
	"application/vnd.oma.dd2+xml": 0.0,
	"application/vnd.oma.drm.risd+xml": 0.0,
	"application/vnd.oma.group-usage-list+xml": 0.0,
	"application/vnd.oma.lwm2m+cbor": 0.0,
	"application/vnd.oma.lwm2m+json": 0.0,
	"application/vnd.oma.lwm2m+tlv": 0.0,
	"application/vnd.oma.pal+xml": 0.0,
	"application/vnd.oma.poc.detailed-progress-report+xml": 0.0,
	"application/vnd.oma.poc.final-report+xml": 0.0,
	"application/vnd.oma.poc.groups+xml": 0.0,
	"application/vnd.oma.poc.invocation-descriptor+xml": 0.0,
	"application/vnd.oma.poc.optimized-progress-report+xml": 0.0,
	"application/vnd.oma.push": 0.0,
	"application/vnd.oma.scidm.messages+xml": 0.0,
	"application/vnd.oma.xcap-directory+xml": 0.0,
	"application/vnd.omads-email+xml": 0.0,
	"application/vnd.omads-file+xml": 0.0,
	"application/vnd.omads-folder+xml": 0.0,
	"application/vnd.omaloc-supl-init": 0.0,
	"application/vnd.oma-scws-config": 0.0,
	"application/vnd.oma-scws-http-request": 0.0,
	"application/vnd.oma-scws-http-response": 0.0,
	"application/vnd.onepager": 0.0,
	"application/vnd.onepagertamp": 0.0,
	"application/vnd.onepagertamx": 0.0,
	"application/vnd.onepagertat": 0.0,
	"application/vnd.onepagertatp": 0.0,
	"application/vnd.onepagertatx": 0.0,
	"application/vnd.openblox.game-binary": 0.0,
	"application/vnd.openblox.game+xml": 0.0,
	"application/vnd.openeye.oeb": 0.0,
	"application/vnd.openstreetmap.data+xml": 0.0,
	"application/vnd.openxmlformats-officedocument.custom-properties+xml": 0.0,
	"application/vnd.openxmlformats-officedocument.customXmlProperties+xml": 0.0,
	"application/vnd.openxmlformats-officedocument.drawing+xml": 0.0,
	"application/vnd.openxmlformats-officedocument.drawingml.chart+xml": 0.0,
	"application/vnd.openxmlformats-officedocument.drawingml.chartshapes+xml": 0.0,
	"application/vnd.openxmlformats-officedocument.drawingml.diagramColors+xml": 0.0,
	"application/vnd.openxmlformats-officedocument.drawingml.diagramData+xml": 0.0,
	"application/vnd.openxmlformats-officedocument.drawingml.diagramLayout+xml": 0.0,
	"application/vnd.openxmlformats-officedocument.drawingml.diagramStyle+xml": 0.0,
	"application/vnd.openxmlformats-officedocument.extended-properties+xml": 0.0,
	"application/vnd.openxmlformats-officedocument.presentationml.commentAuthors+xml": 0.0,
	"application/vnd.openxmlformats-officedocument.presentationml.comments+xml": 0.0,
	"application/vnd.openxmlformats-officedocument.presentationml.handoutMaster+xml": 0.0,
	"application/vnd.openxmlformats-officedocument.presentationml.notesMaster+xml": 0.0,
	"application/vnd.openxmlformats-officedocument.presentationml.notesSlide+xml": 0.0,
	"application/vnd.openxmlformats-officedocument.presentationml.presentation": 0.0,
	"application/vnd.openxmlformats-officedocument.presentationml.presentation.main+xml": 0.0,
	"application/vnd.openxmlformats-officedocument.presentationml.presProps+xml": 0.0,
	"application/vnd.openxmlformats-officedocument.presentationml.slide": 0.0,
	"application/vnd.openxmlformats-officedocument.presentationml.slide+xml": 0.0,
	"application/vnd.openxmlformats-officedocument.presentationml.slideLayout+xml": 0.0,
	"application/vnd.openxmlformats-officedocument.presentationml.slideMaster+xml": 0.0,
	"application/vnd.openxmlformats-officedocument.presentationml.slideshow": 0.0,
	"application/vnd.openxmlformats-officedocument.presentationml.slideshow.main+xml": 0.0,
	"application/vnd.openxmlformats-officedocument.presentationml.slideUpdateInfo+xml": 0.0,
	"application/vnd.openxmlformats-officedocument.presentationml.tableStyles+xml": 0.0,
	"application/vnd.openxmlformats-officedocument.presentationml.tags+xml": 0.0,
	"application/vnd.openxmlformats-officedocument.presentationml.template": 0.0,
	"application/vnd.openxmlformats-officedocument.presentationml.template.main+xml": 0.0,
	"application/vnd.openxmlformats-officedocument.presentationml.viewProps+xml": 0.0,
	"application/vnd.openxmlformats-officedocument.spreadsheetml.calcChain+xml": 0.0,
	"application/vnd.openxmlformats-officedocument.spreadsheetml.chartsheet+xml": 0.0,
	"application/vnd.openxmlformats-officedocument.spreadsheetml.comments+xml": 0.0,
	"application/vnd.openxmlformats-officedocument.spreadsheetml.connections+xml": 0.0,
	"application/vnd.openxmlformats-officedocument.spreadsheetml.dialogsheet+xml": 0.0,
	"application/vnd.openxmlformats-officedocument.spreadsheetml.externalLink+xml": 0.0,
	"application/vnd.openxmlformats-officedocument.spreadsheetml.pivotCacheDefinition+xml": 0.0,
	"application/vnd.openxmlformats-officedocument.spreadsheetml.pivotCacheRecords+xml": 0.0,
	"application/vnd.openxmlformats-officedocument.spreadsheetml.pivotTable+xml": 0.0,
	"application/vnd.openxmlformats-officedocument.spreadsheetml.queryTable+xml": 0.0,
	"application/vnd.openxmlformats-officedocument.spreadsheetml.revisionHeaders+xml": 0.0,
	"application/vnd.openxmlformats-officedocument.spreadsheetml.revisionLog+xml": 0.0,
	"application/vnd.openxmlformats-officedocument.spreadsheetml.sharedStrings+xml": 0.0,
	"application/vnd.openxmlformats-officedocument.spreadsheetml.sheet": 0.0,
	"application/vnd.openxmlformats-officedocument.spreadsheetml.sheet.main+xml": 0.0,
	"application/vnd.openxmlformats-officedocument.spreadsheetml.sheetMetadata+xml": 0.0,
	"application/vnd.openxmlformats-officedocument.spreadsheetml.styles+xml": 0.0,
	"application/vnd.openxmlformats-officedocument.spreadsheetml.table+xml": 0.0,
	"application/vnd.openxmlformats-officedocument.spreadsheetml.tableSingleCells+xml": 0.0,
	"application/vnd.openxmlformats-officedocument.spreadsheetml.template": 0.0,
	"application/vnd.openxmlformats-officedocument.spreadsheetml.template.main+xml": 0.0,
	"application/vnd.openxmlformats-officedocument.spreadsheetml.userNames+xml": 0.0,
	"application/vnd.openxmlformats-officedocument.spreadsheetml.volatileDependencies+xml": 0.0,
	"application/vnd.openxmlformats-officedocument.spreadsheetml.worksheet+xml": 0.0,
	"application/vnd.openxmlformats-officedocument.theme+xml": 0.0,
	"application/vnd.openxmlformats-officedocument.themeOverride+xml": 0.0,
	"application/vnd.openxmlformats-officedocument.vmlDrawing": 0.0,
	"application/vnd.openxmlformats-officedocument.wordprocessingml.comments+xml": 0.0,
	"application/vnd.openxmlformats-officedocument.wordprocessingml.document": 0.0,
	"application/vnd.openxmlformats-officedocument.wordprocessingml.document.glossary+xml": 0.0,
	"application/vnd.openxmlformats-officedocument.wordprocessingml.document.main+xml": 0.0,
	"application/vnd.openxmlformats-officedocument.wordprocessingml.endnotes+xml": 0.0,
	"application/vnd.openxmlformats-officedocument.wordprocessingml.fontTable+xml": 0.0,
	"application/vnd.openxmlformats-officedocument.wordprocessingml.footer+xml": 0.0,
	"application/vnd.openxmlformats-officedocument.wordprocessingml.footnotes+xml": 0.0,
	"application/vnd.openxmlformats-officedocument.wordprocessingml.numbering+xml": 0.0,
	"application/vnd.openxmlformats-officedocument.wordprocessingml.settings+xml": 0.0,
	"application/vnd.openxmlformats-officedocument.wordprocessingml.styles+xml": 0.0,
	"application/vnd.openxmlformats-officedocument.wordprocessingml.template": 0.0,
	"application/vnd.openxmlformats-officedocument.wordprocessingml.template.main+xml": 0.0,
	"application/vnd.openxmlformats-officedocument.wordprocessingml.webSettings+xml": 0.0,
	"application/vnd.openxmlformats-package.core-properties+xml": 0.0,
	"application/vnd.openxmlformats-package.digital-signature-xmlsignature+xml": 0.0,
	"application/vnd.openxmlformats-package.relationships+xml": 0.0,
	"application/vnd.oracle.resource+json": 0.0,
	"application/vnd.orange.indata": 0.0,
	"application/vnd.osa.netdeploy": 0.0,
	"application/vnd.osgeo.mapguide.package": 0.0,
	"application/vnd.osgi.bundle": 0.0,
	"application/vnd.osgi.dp": 0.0,
	"application/vnd.osgi.subsystem": 0.0,
	"application/vnd.otps.ct-kip+xml": 0.0,
	"application/vnd.oxli.countgraph": 0.0,
	"application/vnd.pagerduty+json": 0.0,
	"application/vnd.palm": 0.0,
	"application/vnd.panoply": 0.0,
	"application/vnd.paos.xml": 0.0,
	"application/vnd.patentdive": 0.0,
	"application/vnd.patientecommsdoc": 0.0,
	"application/vnd.pawaafile": 0.0,
	"application/vnd.pcos": 0.0,
	"application/vnd.pg.format": 0.0,
	"application/vnd.pg.osasli": 0.0,
	"application/vnd.piaccess.application-licence": 0.0,
	"application/vnd.picsel": 0.0,
	"application/vnd.pmi.widget": 0.0,
	"application/vnd.poc.group-advertisement+xml": 0.0,
	"application/vnd.pocketlearn": 0.0,
	"application/vnd.powerbuilder6": 0.0,
	"application/vnd.powerbuilder6-s": 0.0,
	"application/vnd.powerbuilder7": 0.0,
	"application/vnd.powerbuilder75": 0.0,
	"application/vnd.powerbuilder75-s": 0.0,
	"application/vnd.powerbuilder7-s": 0.0,
	"application/vnd.preminet": 0.0,
	"application/vnd.previewsystems.box": 0.0,
	"application/vnd.proteus.magazine": 0.0,
	"application/vnd.psfs": 0.0,
	"application/vnd.publishare-delta-tree": 0.0,
	"application/vnd.pvi.ptid1": 0.0,
	"application/vnd.pwg-multiplexed": 0.0,
	"application/vnd.pwg-xhtml-print+xml": 0.0,
	"application/vnd.qualcomm.brew-app-res": 0.0,
	"application/vnd.quarantainenet": 0.0,
	"application/vnd.Quark.QuarkXPress": 0.0,
	"application/vnd.quobject-quoxdocument": 0.0,
	"application/vnd.radisys.moml+xml": 0.0,
	"application/vnd.radisys.msml-audit-conf+xml": 0.0,
	"application/vnd.radisys.msml-audit-conn+xml": 0.0,
	"application/vnd.radisys.msml-audit-dialog+xml": 0.0,
	"application/vnd.radisys.msml-audit-stream+xml": 0.0,
	"application/vnd.radisys.msml-audit+xml": 0.0,
	"application/vnd.radisys.msml-conf+xml": 0.0,
	"application/vnd.radisys.msml-dialog-base+xml": 0.0,
	"application/vnd.radisys.msml-dialog-fax-detect+xml": 0.0,
	"application/vnd.radisys.msml-dialog-fax-sendrecv+xml": 0.0,
	"application/vnd.radisys.msml-dialog-group+xml": 0.0,
	"application/vnd.radisys.msml-dialog-speech+xml": 0.0,
	"application/vnd.radisys.msml-dialog-transform+xml": 0.0,
	"application/vnd.radisys.msml-dialog+xml": 0.0,
	"application/vnd.radisys.msml+xml": 0.0,
	"application/vnd.rainstor.data": 0.0,
	"application/vnd.rapid": 0.0,
	"application/vnd.rar": 0.0,
	"application/vnd.realvnc.bed": 0.0,
	"application/vnd.recordare.musicxml": 0.0,
	"application/vnd.recordare.musicxml+xml": 0.0,
	"application/vnd.RenLearn.rlprint": 0.0,
	"application/vnd.restful+json": 0.0,
	"application/vnd.rig.cryptonote": 0.0,
	"application/vnd.route66.link66+xml": 0.0,
	"application/vnd.rs-274x": 0.0,
	"application/vnd.ruckus.download": 0.0,
	"application/vnd.s3sms": 0.0,
	"application/vnd.sailingtracker.track": 0.0,
	"application/vnd.sar": 0.0,
	"application/vnd.sbm.cid": 0.0,
	"application/vnd.sbm.mid2": 0.0,
	"application/vnd.scribus": 0.0,
	"application/vnd.sealed.3df": 0.0,
	"application/vnd.sealed.csf": 0.0,
	"application/vnd.sealed.doc": 0.0,
	"application/vnd.sealed.eml": 0.0,
	"application/vnd.sealed.mht": 0.0,
	"application/vnd.sealed.net": 0.0,
	"application/vnd.sealed.ppt": 0.0,
	"application/vnd.sealed.tiff": 0.0,
	"application/vnd.sealed.xls": 0.0,
	"application/vnd.sealedmedia.softseal.html": 0.0,
	"application/vnd.sealedmedia.softseal.pdf": 0.0,
	"application/vnd.seemail": 0.0,
	"application/vnd.seis+json": 0.0,
	"application/vnd.sema": 0.0,
	"application/vnd.semd": 0.0,
	"application/vnd.semf": 0.0,
	"application/vnd.shade-save-file": 0.0,
	"application/vnd.shana.informed.formdata": 0.0,
	"application/vnd.shana.informed.formtemplate": 0.0,
	"application/vnd.shana.informed.interchange": 0.0,
	"application/vnd.shana.informed.package": 0.0,
	"application/vnd.shootproof+json": 0.0,
	"application/vnd.shopkick+json": 0.0,
	"application/vnd.shp": 0.0,
	"application/vnd.shx": 0.0,
	"application/vnd.sigrok.session": 0.0,
	"application/vnd.SimTech-MindMapper": 0.0,
	"application/vnd.siren+json": 0.0,
	"application/vnd.smaf": 0.0,
	"application/vnd.smart.notebook": 0.0,
	"application/vnd.smart.teacher": 0.0,
	"application/vnd.snesdev-page-table": 0.0,
	"application/vnd.software602.filler.form+xml": 0.0,
	"application/vnd.software602.filler.form-xml-zip": 0.0,
	"application/vnd.solent.sdkm+xml": 0.0,
	"application/vnd.spotfire.dxp": 0.0,
	"application/vnd.spotfire.sfs": 0.0,
	"application/vnd.sqlite3": 0.0,
	"application/vnd.sss-cod": 0.0,
	"application/vnd.sss-dtf": 0.0,
	"application/vnd.sss-ntf": 0.0,
	"application/vnd.stepmania.package": 0.0,
	"application/vnd.stepmania.stepchart": 0.0,
	"application/vnd.street-stream": 0.0,
	"application/vnd.sun.wadl+xml": 0.0,
	"application/vnd.sus-calendar": 0.0,
	"application/vnd.svd": 0.0,
	"application/vnd.swiftview-ics": 0.0,
	"application/vnd.sycle+xml": 0.0,
	"application/vnd.syncml.dm.notification": 0.0,
	"application/vnd.syncml.dmddf+xml": 0.0,
	"application/vnd.syncml.dmtnds+wbxml": 0.0,
	"application/vnd.syncml.dmtnds+xml": 0.0,
	"application/vnd.syncml.dmddf+wbxml": 0.0,
	"application/vnd.syncml.dm+wbxml": 0.0,
	"application/vnd.syncml.dm+xml": 0.0,
	"application/vnd.syncml.ds.notification": 0.0,
	"application/vnd.syncml+xml": 0.0,
	"application/vnd.tableschema+json": 0.0,
	"application/vnd.tao.intent-module-archive": 0.0,
	"application/vnd.tcpdump.pcap": 0.0,
	"application/vnd.think-cell.ppttc+json": 0.0,
	"application/vnd.tml": 0.0,
	"application/vnd.tmd.mediaflex.api+xml": 0.0,
	"application/vnd.tmobile-livetv": 0.0,
	"application/vnd.tri.onesource": 0.0,
	"application/vnd.trid.tpt": 0.0,
	"application/vnd.triscape.mxs": 0.0,
	"application/vnd.trueapp": 0.0,
	"application/vnd.truedoc": 0.0,
	"application/vnd.ubisoft.webplayer": 0.0,
	"application/vnd.ufdl": 0.0,
	"application/vnd.uiq.theme": 0.0,
	"application/vnd.umajin": 0.0,
	"application/vnd.unity": 0.0,
	"application/vnd.uoml+xml": 0.0,
	"application/vnd.uplanet.alert": 0.0,
	"application/vnd.uplanet.alert-wbxml": 0.0,
	"application/vnd.uplanet.bearer-choice": 0.0,
	"application/vnd.uplanet.bearer-choice-wbxml": 0.0,
	"application/vnd.uplanet.cacheop": 0.0,
	"application/vnd.uplanet.cacheop-wbxml": 0.0,
	"application/vnd.uplanet.channel": 0.0,
	"application/vnd.uplanet.channel-wbxml": 0.0,
	"application/vnd.uplanet.list": 0.0,
	"application/vnd.uplanet.listcmd": 0.0,
	"application/vnd.uplanet.listcmd-wbxml": 0.0,
	"application/vnd.uplanet.list-wbxml": 0.0,
	"application/vnd.uri-map": 0.0,
	"application/vnd.uplanet.signal": 0.0,
	"application/vnd.valve.source.material": 0.0,
	"application/vnd.vcx": 0.0,
	"application/vnd.vd-study": 0.0,
	"application/vnd.vectorworks": 0.0,
	"application/vnd.vel+json": 0.0,
	"application/vnd.verimatrix.vcas": 0.0,
	"application/vnd.veryant.thin": 0.0,
	"application/vnd.ves.encrypted": 0.0,
	"application/vnd.vidsoft.vidconference": 0.0,
	"application/vnd.visio": 0.0,
	"application/vnd.visionary": 0.0,
	"application/vnd.vividence.scriptfile": 0.0,
	"application/vnd.vsf": 0.0,
	"application/vnd.wap.sic": 0.0,
	"application/vnd.wap.slc": 0.0,
	"application/vnd.wap.wbxml": 0.0,
	"application/vnd.wap.wmlc": 0.0,
	"application/vnd.wap.wmlscriptc": 0.0,
	"application/vnd.webturbo": 0.0,
	"application/vnd.wfa.p2p": 0.0,
	"application/vnd.wfa.wsc": 0.0,
	"application/vnd.windows.devicepairing": 0.0,
	"application/vnd.wmc": 0.0,
	"application/vnd.wmf.bootstrap": 0.0,
	"application/vnd.wolfram.mathematica": 0.0,
	"application/vnd.wolfram.mathematica.package": 0.0,
	"application/vnd.wolfram.player": 0.0,
	"application/vnd.wordperfect": 0.0,
	"application/vnd.wqd": 0.0,
	"application/vnd.wrq-hp3000-labelled": 0.0,
	"application/vnd.wt.stf": 0.0,
	"application/vnd.wv.csp+xml": 0.0,
	"application/vnd.wv.csp+wbxml": 0.0,
	"application/vnd.wv.ssp+xml": 0.0,
	"application/vnd.xacml+json": 0.0,
	"application/vnd.xara": 0.0,
	"application/vnd.xfdl": 0.0,
	"application/vnd.xfdl.webform": 0.0,
	"application/vnd.xmi+xml": 0.0,
	"application/vnd.xmpie.cpkg": 0.0,
	"application/vnd.xmpie.dpkg": 0.0,
	"application/vnd.xmpie.plan": 0.0,
	"application/vnd.xmpie.ppkg": 0.0,
	"application/vnd.xmpie.xlim": 0.0,
	"application/vnd.yamaha.hv-dic": 0.0,
	"application/vnd.yamaha.hv-script": 0.0,
	"application/vnd.yamaha.hv-voice": 0.0,
	"application/vnd.yamaha.openscoreformat.osfpvg+xml": 0.0,
	"application/vnd.yamaha.openscoreformat": 0.0,
	"application/vnd.yamaha.remote-setup": 0.0,
	"application/vnd.yamaha.smaf-audio": 0.0,
	"application/vnd.yamaha.smaf-phrase": 0.0,
	"application/vnd.yamaha.through-ngn": 0.0,
	"application/vnd.yamaha.tunnel-udpencap": 0.0,
	"application/vnd.yaoweme": 0.0,
	"application/vnd.yellowriver-custom-menu": 0.0,
	"application/vnd.youtube.yt": 0.0,
	"application/vnd.zul": 0.0,
	"application/vnd.zzazz.deck+xml": 0.0,
	"application/voicexml+xml": 0.0,
	"application/voucher-cms+json": 0.0,
	"application/vq-rtcpxr": 0.0,
	"application/watcherinfo+xml": 0.0,
	"application/webpush-options+json": 0.0,
	"application/whoispp-query": 0.0,
	"application/whoispp-response": 0.0,
	"application/widget": 0.0,
	"application/wita": 0.0,
	"application/wordperfect5.1": 0.0,
	"application/wsdl+xml": 0.0,
	"application/wspolicy+xml": 0.0,
	"application/x-pki-message": 0.0,
	"application/x-www-form-urlencoded": 0.0,
	"application/x-x509-ca-cert": 0.0,
	"application/x-x509-ca-ra-cert": 0.0,
	"application/x-x509-next-ca-cert": 0.0,
	"application/x400-bp": 0.0,
	"application/xacml+xml": 0.0,
	"application/xcap-att+xml": 0.0,
	"application/xcap-caps+xml": 0.0,
	"application/xcap-diff+xml": 0.0,
	"application/xcap-el+xml": 0.0,
	"application/xcap-error+xml": 0.0,
	"application/xcap-ns+xml": 0.0,
	"application/xcon-conference-info-diff+xml": 0.0,
	"application/xcon-conference-info+xml": 0.0,
	"application/xenc+xml": 0.0,
	"application/xhtml+xml": 0.0,
	"application/xliff+xml": 0.0,
	"text/xml": 0.0,
	"application/xml-dtd": 0.0,
	"text/xml-external-parsed-entity": 0.0,
	"application/xml-patch+xml": 0.0,
	"application/xmpp+xml": 0.0,
	"application/xop+xml": 0.0,
	"application/xslt+xml": 0.0,
	"application/xv+xml": 0.0,
	"application/yang": 0.0,
	"application/yang-data+json": 0.0,
	"application/yang-data+xml": 0.0,
	"application/yang-patch+json": 0.0,
	"application/yang-patch+xml": 0.0,
	"application/yin+xml": 0.0,
	"application/zip": 0.0,
	"application/zlib": 0.0,
	"application/zstd": 0.0,
	"audio/32kadpcm": 0.0,
	"video/3gpp": 0.0,
	"video/3gpp2": 0.0,
	"audio/aac": 0.0,
	"audio/ac3": 0.0,
	"audio/AMR": 0.0,
	"audio/AMR-WB": 0.0,
	"audio/amr-wb+": 0.0,
	"audio/aptx": 0.0,
	"audio/asc": 0.0,
	"audio/ATRAC-ADVANCED-LOSSLESS": 0.0,
	"audio/ATRAC-X": 0.0,
	"audio/ATRAC3": 0.0,
	"audio/basic": 0.0,
	"audio/BV16": 0.0,
	"audio/BV32": 0.0,
	"audio/clearmode": 0.0,
	"audio/CN": 0.0,
	"audio/DAT12": 0.0,
	"audio/dls": 0.0,
	"audio/dsr-es201108": 0.0,
	"audio/dsr-es202050": 0.0,
	"audio/dsr-es202211": 0.0,
	"audio/dsr-es202212": 0.0,
	"video/DV": 0.0,
	"audio/DVI4": 0.0,
	"audio/eac3": 0.0,
	"audio/EVRC": 0.0,
	"audio/EVRC-QCP": 0.0,
	"audio/EVRC0": 0.0,
	"audio/EVRC1": 0.0,
	"audio/EVRCB": 0.0,
	"audio/EVRCB0": 0.0,
	"audio/EVRCB1": 0.0,
	"audio/EVRCNW": 0.0,
	"audio/EVRCNW0": 0.0,
	"audio/EVRCNW1": 0.0,
	"audio/EVRCWB": 0.0,
	"audio/EVRCWB0": 0.0,
	"audio/EVRCWB1": 0.0,
	"audio/EVS": 0.0,
	"text/fwdred": 0.0,
	"audio/G711-0": 0.0,
	"audio/G719": 0.0,
	"audio/G7221": 0.0,
	"audio/G722": 0.0,
	"audio/G723": 0.0,
	"audio/G726-16": 0.0,
	"audio/G726-24": 0.0,
	"audio/G726-32": 0.0,
	"audio/G726-40": 0.0,
	"audio/G728": 0.0,
	"audio/G729": 0.0,
	"audio/G7291": 0.0,
	"audio/G729D": 0.0,
	"audio/G729E": 0.0,
	"audio/GSM": 0.0,
	"audio/GSM-EFR": 0.0,
	"audio/GSM-HR-08": 0.0,
	"audio/iLBC": 0.0,
	"audio/ip-mr_v2.5": 0.0,
	"audio/L8": 0.0,
	"audio/L16": 0.0,
	"audio/L20": 0.0,
	"audio/L24": 0.0,
	"audio/LPC": 0.0,
	"audio/MELP": 0.0,
	"audio/MELP600": 0.0,
	"audio/MELP1200": 0.0,
	"audio/MELP2400": 0.0,
	"audio/mhas": 0.0,
	"audio/mobile-xmf": 0.0,
	"audio/MPA": 0.0,
	"video/mp4": 0.0,
	"audio/MP4A-LATM": 0.0,
	"audio/mpa-robust": 0.0,
	"video/mpeg4-generic": 0.0,
	"audio/opus": 0.0,
	"audio/PCMA": 0.0,
	"audio/PCMA-WB": 0.0,
	"audio/PCMU": 0.0,
	"audio/PCMU-WB": 0.0,
	"audio/prs.sid": 0.0,
	"text/RED": 0.0,
	"video/rtp-enc-aescm128": 0.0,
	"audio/rtp-midi": 0.0,
	"audio/SMV": 0.0,
	"audio/SMV0": 0.0,
	"audio/SMV-QCP": 0.0,
	"audio/sofa": 0.0,
	"audio/sp-midi": 0.0,
	"audio/speex": 0.0,
	"audio/t140c": 0.0,
	"image/t38": 0.0,
	"audio/telephone-event": 0.0,
	"audio/TETRA_ACELP": 0.0,
	"audio/TETRA_ACELP_BB": 0.0,
	"audio/tone": 0.0,
	"audio/TSVCIS": 0.0,
	"audio/UEMCLIP": 0.0,
	"audio/usac": 0.0,
	"audio/VDVI": 0.0,
	"audio/VMR-WB": 0.0,
	"audio/vnd.3gpp.iufp": 0.0,
	"audio/vnd.4SB": 0.0,
	"audio/vnd.audiokoz": 0.0,
	"audio/vnd.CELP": 0.0,
	"audio/vnd.cisco.nse": 0.0,
	"audio/vnd.cmles.radio-events": 0.0,
	"audio/vnd.cns.anp1": 0.0,
	"audio/vnd.cns.inf1": 0.0,
	"audio/vnd.dece.audio": 0.0,
	"audio/vnd.digital-winds": 0.0,
	"audio/vnd.dlna.adts": 0.0,
	"audio/vnd.dolby.heaac.1": 0.0,
	"audio/vnd.dolby.heaac.2": 0.0,
	"audio/vnd.dolby.mlp": 0.0,
	"audio/vnd.dolby.mps": 0.0,
	"audio/vnd.dolby.pl2": 0.0,
	"audio/vnd.dolby.pl2x": 0.0,
	"audio/vnd.dolby.pl2z": 0.0,
	"audio/vnd.dolby.pulse.1": 0.0,
	"audio/vnd.dra": 0.0,
	"audio/vnd.dts": 0.0,
	"audio/vnd.dts.hd": 0.0,
	"audio/vnd.dts.uhd": 0.0,
	"video/vnd.dvb.file": 0.0,
	"audio/vnd.everad.plj": 0.0,
	"audio/vnd.hns.audio": 0.0,
	"audio/vnd.lucent.voice": 0.0,
	"audio/vnd.ms-playready.media.pya": 0.0,
	"audio/vnd.nokia.mobile-xmf": 0.0,
	"audio/vnd.nortel.vbk": 0.0,
	"audio/vnd.nuera.ecelp4800": 0.0,
	"audio/vnd.nuera.ecelp7470": 0.0,
	"audio/vnd.nuera.ecelp9600": 0.0,
	"audio/vnd.octel.sbc": 0.0,
	"audio/vnd.presonus.multitrack": 0.0,
	"audio/vnd.qcelp": 0.0,
	"audio/vnd.rhetorex.32kadpcm": 0.0,
	"audio/vnd.rip": 0.0,
	"audio/vnd.sealedmedia.softseal.mpeg": 0.0,
	"audio/vnd.vmx.cvsd": 0.0,
	"audio/vorbis": 0.0,
	"audio/vorbis-config": 0.0,
	"text/cache-manifest": 0.0,
	"text/calendar": 0.0,
	"text/css": 0.0,
	"text/csv": 0.0,
	"text/csv-schema": 0.0,
	"text/directory": 0.0,
	"text/ecmascript": 0.0,
	"text/gff3": 0.0,
	"text/grammar-ref-list": 0.0,
	"text/html": 0.0,
	"text/javascript": 0.0,
	"text/jcr-cnd": 0.0,
	"text/markdown": 0.0,
	"text/mizar": 0.0,
	"text/n3": 0.0,
	"text/parameters": 0.0,
	"text/provenance-notation": 0.0,
	"text/prs.fallenstein.rst": 0.0,
	"text/prs.lines.tag": 0.0,
	"text/prs.prop.logic": 0.0,
	"text/rfc822-headers": 0.0,
	"text/shaclc": 0.0,
	"text/spdx": 0.0,
	"text/strings": 0.0,
	"text/t140": 0.0,
	"text/tab-separated-values": 0.0,
	"text/troff": 0.0,
	"text/turtle": 0.0,
	"text/uri-list": 0.0,
	"text/vcard": 0.0,
	"text/vnd.a": 0.0,
	"text/vnd.abc": 0.0,
	"text/vnd.ascii-art": 0.0,
	"text/vnd.debian.copyright": 0.0,
	"text/vnd.DMClientScript": 0.0,
	"image/vnd.dvb.subtitle": 0.0,
	"text/vnd.esmertec.theme-descriptor": 0.0,
	"text/vnd.ficlab.flt": 0.0,
	"text/vnd.fly": 0.0,
	"text/vnd.fmi.flexstor": 0.0,
	"text/vnd.gml": 0.0,
	"text/vnd.graphviz": 0.0,
	"text/vnd.hans": 0.0,
	"text/vnd.hgl": 0.0,
	"text/vnd.in3d.3dml": 0.0,
	"text/vnd.in3d.spot": 0.0,
	"text/vnd.IPTC.NewsML": 0.0,
	"text/vnd.IPTC.NITF": 0.0,
	"text/vnd.latex-z": 0.0,
	"text/vnd.motorola.reflex": 0.0,
	"text/vnd.ms-mediapackage": 0.0,
	"text/vnd.net2phone.commcenter.command": 0.0,
	"text/vnd.radisys.msml-basic-layout": 0.0,
	"text/vnd.senx.warpscript": 0.0,
	"text/vnd.si.uricatalogue": 0.0,
	"text/vnd.sun.j2me.app-descriptor": 0.0,
	"text/vnd.sosi": 0.0,
	"text/vnd.trolltech.linguist": 0.0,
	"text/vnd.wap.si": 0.0,
	"text/vnd.wap.sl": 0.0,
	"text/vnd.wap.wml": 0.0,
	"text/vnd.wap.wmlscript": 0.0,
	"text/vtt": 0.0,
	"image/aces": 0.0,
	"image/avci": 0.0,
	"image/avcs": 0.0,
	"image/bmp": 0.0,
	"image/cgm": 0.0,
	"image/dicom-rle": 0.0,
	"image/emf": 0.0,
	"image/g3fax": 0.0,
	"image/heic": 0.0,
	"image/heic-sequence": 0.0,
	"image/heif": 0.0,
	"image/heif-sequence": 0.0,
	"image/hej2k": 0.0,
	"image/hsj2": 0.0,
	"image/jls": 0.0,
	"image/jp2": 0.0,
	"image/jpeg": 0.0,
	"image/jph": 0.0,
	"image/jphc": 0.0,
	"image/jpm": 0.0,
	"image/jpx": 0.0,
	"image/jxr": 0.0,
	"image/jxrA": 0.0,
	"image/jxrS": 0.0,
	"image/jxs": 0.0,
	"image/jxsc": 0.0,
	"image/jxsi": 0.0,
	"image/jxss": 0.0,
	"image/ktx": 0.0,
	"image/ktx2": 0.0,
	"image/naplps": 0.0,
	"image/png": 0.0,
	"image/prs.btif": 0.0,
	"image/prs.pti": 0.0,
	"image/pwg-raster": 0.0,
	"image/svg+xml": 0.0,
	"image/tiff": 0.0,
	"image/tiff-fx": 0.0,
	"image/vnd.adobe.photoshop": 0.0,
	"image/vnd.airzip.accelerator.azv": 0.0,
	"image/vnd.cns.inf2": 0.0,
	"image/vnd.dece.graphic": 0.0,
	"image/vnd.djvu": 0.0,
	"image/vnd.dwg": 0.0,
	"image/vnd.dxf": 0.0,
	"image/vnd.fastbidsheet": 0.0,
	"image/vnd.fpx": 0.0,
	"image/vnd.fst": 0.0,
	"image/vnd.fujixerox.edmics-mmr": 0.0,
	"image/vnd.fujixerox.edmics-rlc": 0.0,
	"image/vnd.globalgraphics.pgb": 0.0,
	"image/vnd.microsoft.icon": 0.0,
	"image/vnd.mix": 0.0,
	"image/vnd.ms-modi": 0.0,
	"image/vnd.mozilla.apng": 0.0,
	"image/vnd.net-fpx": 0.0,
	"image/vnd.pco.b16": 0.0,
	"image/vnd.radiance": 0.0,
	"image/vnd.sealed.png": 0.0,
	"image/vnd.sealedmedia.softseal.gif": 0.0,
	"image/vnd.sealedmedia.softseal.jpg": 0.0,
	"image/vnd.svf": 0.0,
	"image/vnd.tencent.tap": 0.0,
	"image/vnd.valve.source.texture": 0.0,
	"image/vnd.wap.wbmp": 0.0,
	"image/vnd.xiff": 0.0,
	"image/vnd.zbrush.pcx": 0.0,
	"image/wmf": 0.0,
	"video/3gpp-tt": 0.0,
	"video/BMPEG": 0.0,
	"video/BT656": 0.0,
	"video/CelB": 0.0,
	"video/H261": 0.0,
	"video/H263": 0.0,
	"video/H263-1998": 0.0,
	"video/H263-2000": 0.0,
	"video/H264": 0.0,
	"video/H264-RCDO": 0.0,
	"video/H264-SVC": 0.0,
	"video/H265": 0.0,
	"video/iso.segment": 0.0,
	"video/JPEG": 0.0,
	"video/jpeg2000": 0.0,
	"video/mj2": 0.0,
	"video/MP1S": 0.0,
	"video/MP2P": 0.0,
	"video/MP2T": 0.0,
	"video/MP4V-ES": 0.0,
	"video/MPV": 0.0,
	"video/nv": 0.0,
	"video/pointer": 0.0,
	"video/quicktime": 0.0,
	"video/raw": 0.0,
	"video/smpte291": 0.0,
	"video/SMPTE292M": 0.0,
	"video/vc1": 0.0,
	"video/vc2": 0.0,
	"video/vnd.CCTV": 0.0,
	"video/vnd.dece.hd": 0.0,
	"video/vnd.dece.mobile": 0.0,
	"video/vnd.dece.mp4": 0.0,
	"video/vnd.dece.pd": 0.0,
	"video/vnd.dece.sd": 0.0,
	"video/vnd.dece.video": 0.0,
	"video/vnd.directv.mpeg": 0.0,
	"video/vnd.directv.mpeg-tts": 0.0,
	"video/vnd.dlna.mpeg-tts": 0.0,
	"video/vnd.fvt": 0.0,
	"video/vnd.hns.video": 0.0,
	"video/vnd.iptvforum.1dparityfec-1010": 0.0,
	"video/vnd.iptvforum.1dparityfec-2005": 0.0,
	"video/vnd.iptvforum.2dparityfec-1010": 0.0,
	"video/vnd.iptvforum.2dparityfec-2005": 0.0,
	"video/vnd.iptvforum.ttsavc": 0.0,
	"video/vnd.iptvforum.ttsmpeg2": 0.0,
	"video/vnd.motorola.video": 0.0,
	"video/vnd.motorola.videop": 0.0,
	"video/vnd.mpegurl": 0.0,
	"video/vnd.ms-playready.media.pyv": 0.0,
	"video/vnd.nokia.interleaved-multimedia": 0.0,
	"video/vnd.nokia.mp4vr": 0.0,
	"video/vnd.nokia.videovoip": 0.0,
	"video/vnd.objectvideo": 0.0,
	"video/vnd.radgamettools.bink": 0.0,
	"video/vnd.radgamettools.smacker": 0.0,
	"video/vnd.sealed.mpeg1": 0.0,
	"video/vnd.sealed.mpeg4": 0.0,
	"video/vnd.sealed.swf": 0.0,
	"video/vnd.sealedmedia.softseal.mov": 0.0,
	"video/vnd.uvvu.mp4": 0.0,
	"video/vnd.youtube.yt": 0.0,
	"video/vnd.vivo": 0.0,
	"video/VP8": 0.0,
	"model/3mf": 0.0,
	"model/e57": 0.0,
	"model/gltf-binary": 0.0,
	"model/gltf+json": 0.0,
	"model/mtl": 0.0,
	"model/obj": 0.0,
	"model/stl": 0.0,
	"model/vnd.collada+xml": 0.0,
	"model/vnd.dwf": 0.0,
	"model/vnd.flatland.3dml": 0.0,
	"model/vnd.gdl": 0.0,
	"model/vnd.gs-gdl": 0.0,
	"model/vnd.gtw": 0.0,
	"model/vnd.moml+xml": 0.0,
	"model/vnd.mts": 0.0,
	"model/vnd.opengex": 0.0,
	"model/vnd.parasolid.transmit.binary": 0.0,
	"model/vnd.parasolid.transmit.text": 0.0,
	"model/vnd.rosette.annotated-data-model": 0.0,
	"model/vnd.usdz+zip": 0.0,
	"model/vnd.valve.source.compiled-map": 0.0,
	"model/vnd.vtu": 0.0,
	"model/x3d-vrml": 0.0,
	"model/x3d+fastinfoset": 0.0,
	"model/x3d+xml": 0.0,
	"*/*" : 0.0
}